Date,1 MO,2 MO,3 MO,6 MO,12 MO,24 MO,36 MO,48 MO,60 MO,72 MO,84 MO,96 MO,108 MO,120 MO,240 MO,360 MO
3/31/2023,4.24,4.39,4.8,4.9,4.2418,3.7933,3.5796,3.4714,3.4163,3.3915,3.3858,3.3927,3.4082,3.4295,3.6992,3.8751
2/28/2023,4.65,4.81,4.88,5.17,5.1137,4.7729,4.4427,4.2428,4.1261,4.0564,4.0139,3.988,3.9728,3.9645,3.9982,4.0389
1/31/2023,4.58,4.64,4.7,4.8,4.6559,4.2041,3.904,3.7098,3.5895,3.5206,3.4871,3.4778,3.4845,3.5016,3.7308,3.7257
12/31/2022,4.12,4.41,4.42,4.76,4.7029,4.4321,4.2295,4.0825,3.9802,3.9137,3.8754,3.8589,3.8588,3.8708,4.1128,4.0305
11/30/2022,4.07,4.25,4.37,4.7,4.6594,4.3488,4.1147,3.9431,3.8221,3.7418,3.6937,3.6709,3.6674,3.6784,3.9726,3.9596
10/31/2022,3.73,4,4.22,4.57,4.621,4.5303,4.4006,4.3052,4.2426,4.2047,4.1846,4.1773,4.1793,4.1877,4.3651,4.4954
9/30/2022,2.79,3.2,3.33,3.92,4.2148,4.2861,4.2307,4.1396,4.0521,3.9823,3.9327,3.9011,3.8836,3.8767,3.9622,4.0264
8/31/2022,2.4,2.72,2.96,3.32,3.3947,3.4615,3.4367,3.3778,3.3149,3.262,3.2242,3.2022,3.1942,3.1975,3.43,3.6007
7/31/2022,2.22,2.28,2.41,2.91,2.9445,2.9042,2.8356,2.7674,2.7134,2.6785,2.6629,2.6645,2.6802,2.7069,3.1207,3.3915
6/30/2022,1.28,1.68,1.72,2.51,2.8657,2.9803,2.9872,2.9881,2.9956,3.0099,3.0291,3.0512,3.0747,3.0985,3.2756,3.3571
5/31/2022,0.73,0.89,1.16,1.64,2.067,2.5223,2.7241,2.8048,2.834,2.8463,2.8575,2.8736,2.8957,2.9229,3.2216,3.38
4/30/2022,0.37,0.73,0.85,1.41,2.1414,2.7184,2.8933,2.9324,2.9325,2.9268,2.925,2.9285,2.9365,2.9477,3.0766,3.1479
3/31/2022,0.17,0.35,0.52,1.06,1.7244,2.3166,2.4844,2.4899,2.4479,2.4043,2.374,2.3591,2.3569,2.364,2.5231,2.6088
2/28/2022,0.06,0.2,0.35,0.69,1.0733,1.4607,1.6326,1.7073,1.744,1.7701,1.7969,1.8281,1.8634,1.9016,2.229,2.3832
1/31/2022,0.03,0.13,0.22,0.49,0.8,1.1794,1.4037,1.5417,1.6325,1.6979,1.7499,1.7946,1.8351,1.8728,2.1381,2.2608
12/31/2021,0.06,0.05,0.06,0.19,0.4226,0.7551,0.986,1.1499,1.2699,1.3612,1.4335,1.4934,1.545,1.5907,1.9016,2.065
11/30/2021,0.11,0.05,0.05,0.1,0.2359,0.5475,0.8247,1.0226,1.1613,1.2628,1.3412,1.405,1.4592,1.5065,1.7979,1.9346
10/31/2021,0.06,0.08,0.05,0.07,0.1812,0.487,0.7801,1.0128,1.1892,1.3231,1.4268,1.5094,1.5771,1.6339,1.94,2.0685
9/30/2021,0.07,0.05,0.04,0.05,0.1052,0.29,0.5466,0.7907,0.9984,1.1684,1.3063,1.419,1.5123,1.591,2.0266,2.235
8/31/2021,0.03,0.05,0.04,0.06,0.0897,0.221,0.4161,0.6123,0.7884,0.9402,1.0698,1.1806,1.2764,1.3601,1.8565,2.0843
7/31/2021,0.05,0.05,0.06,0.05,0.084,0.1934,0.3631,0.5424,0.7109,0.862,0.9951,1.1117,1.2142,1.3047,1.8374,2.0689
6/30/2021,0.05,0.05,0.05,0.06,0.1013,0.2557,0.4694,0.6865,0.8848,1.0577,1.2056,1.3313,1.4385,1.5303,2.0249,2.2317
5/31/2021,0.01,0.01,0.01,0.03,0.0678,0.1419,0.3314,0.5653,0.8046,1.0293,1.2304,1.4053,1.5545,1.6805,2.2329,2.431
4/30/2021,0.01,0.02,0.01,0.03,0.0742,0.1684,0.3779,0.6275,0.8768,1.106,1.3072,1.4786,1.6219,1.7404,2.2388,2.4882
3/31/2021,0.01,0.01,0.03,0.05,0.0747,0.1683,0.3967,0.6694,0.9395,1.1854,1.3988,1.579,1.7284,1.851,2.3577,2.5936
2/28/2021,0.04,0.04,0.04,0.05,0.0956,0.1654,0.3433,0.5569,0.7704,0.9677,1.1429,1.2956,1.4273,1.5406,2.1193,2.3332
1/31/2021,0.07,0.07,0.06,0.07,0.0998,0.1132,0.2025,0.3317,0.4779,0.6268,0.7701,0.9034,1.0246,1.1332,1.7319,2.0213
12/31/2020,0.08,0.08,0.09,0.09,0.1172,0.1156,0.178,0.2756,0.39,0.5093,0.6265,0.7373,0.8398,0.9331,1.4903,1.7908
11/30/2020,0.08,0.08,0.08,0.09,0.1269,0.1417,0.205,0.2936,0.3931,0.4948,0.5939,0.6876,0.7749,0.8555,1.3978,1.7293
10/31/2020,0.08,0.09,0.09,0.11,0.1441,0.1517,0.2153,0.3077,0.4124,0.5195,0.6236,0.722,0.8135,0.8979,1.4667,1.8147
9/30/2020,0.08,0.08,0.1,0.11,0.134599999,0.130700007,0.166500002,0.225500003,0.297300011,0.37529999,0.455500007,0.535399973,0.613600016,0.689300001,1.281299949,1.640499949
8/31/2020,0.08,0.1,0.11,0.13,0.148399994,0.135000005,0.168599993,0.230199993,0.307399988,0.39230001,0.479699999,0.566500008,0.651000023,0.731999993,1.332000017,1.669399977
7/31/2020,0.09,0.09,0.09,0.1,0.136800006,0.113200001,0.136500001,0.184100002,0.243100002,0.306300014,0.370099992,0.432700008,0.493299991,0.551699996,1.036499977,1.383299947
6/30/2020,0.13,0.14,0.16,0.18,0.177499995,0.159299999,0.191599995,0.249500006,0.319299996,0.393400013,0.468199998,0.541700006,0.613099992,0.682200015,1.251600027,1.633100033
5/31/2020,0.13,0.14,0.14,0.18,0.190200001,0.174199998,0.2095,0.268000007,0.336100012,0.407099992,0.478300005,0.548500001,0.617200017,0.684199989,1.255900025,1.635499954
4/30/2020,0.1,0.1,0.09,0.11,0.180899993,0.215900004,0.271200001,0.333999991,0.398299992,0.461600006,0.523100019,0.582599998,0.640200019,0.696099997,1.166800022,1.477699995
3/31/2020,0.05,0.12,0.11,0.15,0.256300002,0.276800007,0.323000014,0.38319999,0.450199991,0.519699991,0.589100003,0.657100022,0.722800016,0.78579998,1.270499945,1.558200002
2/29/2020,1.45,1.37,1.27,1.11,1.056900024,0.882300019,0.854700029,0.879800022,0.921400011,0.967199981,1.013299942,1.058899999,1.104099989,1.149000049,1.557600021,1.832900047
1/31/2020,1.56,1.57,1.55,1.54,1.477599978,1.341599941,1.298900008,1.301300049,1.325500011,1.360100031,1.39989996,1.442000031,1.485299945,1.528800011,1.915899992,2.164999962
12/31/2019,1.48,1.51,1.55,1.6,1.623100042,1.594099998,1.61590004,1.659100056,1.710100055,1.763000011,1.815199971,1.865800023,1.914499998,1.961099982,2.322400093,2.529200077
11/30/2019,1.62,1.6,1.59,1.63,1.675999999,1.641600013,1.629099965,1.63259995,1.648000002,1.671800017,1.701599956,1.735299945,1.771499991,1.809000015,2.141900063,2.312700033
10/31/2019,1.59,1.59,1.54,1.57,1.591899991,1.542099953,1.519899964,1.51820004,1.531299949,1.555099964,1.586400032,1.622900009,1.662700057,1.70449996,2.089600086,2.307399988
9/30/2019,1.91,1.87,1.88,1.83,1.804700017,1.656000018,1.586699963,1.562600017,1.564200044,1.580000043,1.603700042,1.631800056,1.662199974,1.693899989,2.011100054,2.268100023
8/31/2019,2.1,2.04,1.99,1.89,1.7539,1.5276,1.4335,1.4024,1.4016,1.4156,1.4372,1.4632,1.4918,1.5224,1.8488,2.1021
7/31/2019,2.01,2.07,2.08,2.1,2.0346,1.8938,1.8397,1.8315,1.847,1.8746,1.9082,1.9446,1.9824,2.0209,2.399,2.7036
6/30/2019,2.18,2.15,2.12,2.09,1.9339,1.7629,1.7164,1.73,1.7702,1.8204,1.8727,1.9237,1.9725,2.0187,2.404,2.7045
5/31/2019,2.35,2.38,2.35,2.35,2.1836,1.9556,1.894,1.9052,1.9447,1.9921,2.0391,2.0827,2.1227,2.1594,2.4639,2.727
4/30/2019,2.43,2.44,2.43,2.46,2.3552,2.2562,2.232,2.2493,2.2878,2.3355,2.3856,2.4343,2.4801,2.5223,2.822,3.0863
3/31/2019,2.43,2.44,2.4,2.44,2.3719,2.2679,2.226,2.2219,2.2398,2.2695,2.3048,2.3419,2.3788,2.4143,2.6939,2.9538
2/28/2019,2.44,2.47,2.45,2.5,2.53,2.5049,2.5041,2.5197,2.5459,2.5785,2.6147,2.6524,2.6902,2.7271,3.0125,3.22
1/31/2019,2.42,2.43,2.41,2.46,2.5096,2.4451,2.4203,2.4219,2.4409,2.4703,2.5057,2.5439,2.5826,2.6206,2.9052,3.1287
12/31/2018,2.44,2.45,2.45,2.56,2.5743,2.4859,2.4624,2.4752,2.5065,2.5459,2.5873,2.6275,2.6649,2.6991,2.9318,3.1428
11/30/2018,2.31,2.33,2.37,2.52,2.7022,2.7935,2.8218,2.8347,2.8502,2.8729,2.9022,2.9358,2.9714,3.0071,3.2526,3.3529
10/31/2018,2.2,2.26,2.34,2.49,2.6941,2.8607,2.9158,2.9502,2.9833,3.0178,3.0532,3.0881,3.1216,3.153,3.3508,3.4309
9/30/2018,2.12,,2.19,2.36,2.6207,2.801,2.8666,2.904,2.9334,2.9597,2.9841,3.0067,3.0274,3.0463,3.1576,3.201
8/31/2018,1.95,,2.11,2.28,2.4548,2.6198,2.6817,2.7161,2.7431,2.7678,2.7914,2.8141,2.8355,2.8556,2.9831,3.036
7/31/2018,1.94,,2.03,2.21,2.4398,2.6634,2.7537,2.8014,2.8357,2.865,2.8914,2.915,2.936,2.9544,3.0502,3.0839
6/30/2018,1.77,,1.93,2.11,2.3344,2.5207,2.6134,2.6798,2.7312,2.7714,2.8031,2.8283,2.8486,2.8651,2.941,2.9664
5/31/2018,1.76,,1.93,2.08,2.2432,2.4134,2.5348,2.6219,2.6851,2.7315,2.7662,2.7927,2.8136,2.8305,2.939,3.0396
4/30/2018,1.65,,1.87,2.04,2.2545,2.4854,2.6337,2.7312,2.7972,2.8434,2.8771,2.9027,2.923,2.9399,3.0517,3.1348
3/31/2018,1.63,,1.73,1.93,2.102,2.2717,2.3985,2.4934,2.5649,2.6192,2.661,2.6938,2.7201,2.7419,2.893,3.0525
2/28/2018,1.5,,1.65,1.86,2.0493,2.2631,2.4284,2.5559,2.6541,2.7297,2.7881,2.8336,2.8694,2.898,3.0579,3.2244
1/31/2018,1.43,,1.46,1.66,1.9119,2.1441,2.3127,2.4354,2.525,2.5909,2.6398,2.6766,2.705,2.7275,2.8675,3.021
12/31/2017,1.28,,1.39,1.53,1.7573,1.8852,2.0033,2.1056,2.1912,2.2613,2.318,2.3638,2.4012,2.432,2.6371,2.8733
11/30/2017,1.14,,1.27,1.44,1.6313,1.7902,1.9286,2.0468,2.1465,2.23,2.3,2.3589,2.4088,2.4518,2.7324,2.9822
10/31/2017,0.99,,1.15,1.28,1.4416,1.5965,1.7537,1.897,2.0211,2.1259,2.2133,2.2864,2.3481,2.4009,2.7533,3.0546
9/30/2017,0.96,,1.06,1.2,1.3341,1.481,1.6455,1.8015,1.939,2.0561,2.1541,2.236,2.305,2.3638,2.7417,3.0477
8/31/2017,0.95,,1.01,1.08,1.2322,1.3228,1.4565,1.5962,1.7259,1.8401,1.9385,2.0228,2.0955,2.159,2.5903,2.9211
7/31/2017,1,,1.07,1.13,1.2383,1.3568,1.5258,1.698,1.8541,1.9887,2.1023,2.1977,2.2785,2.3477,2.7841,3.0953
6/30/2017,0.84,,1.03,1.14,1.2608,1.3946,1.5719,1.7465,1.9008,2.0303,2.1368,2.2239,2.2957,2.3557,2.7295,3.0409
5/31/2017,0.86,,0.98,1.08,1.1887,1.284,1.4557,1.6323,1.7891,1.921,2.0303,2.1216,2.1992,2.2668,2.7445,3.0968
4/30/2017,0.68,,0.8,0.99,1.1191,1.2783,1.4813,1.677,1.8474,1.9896,2.1063,2.2025,2.2829,2.3517,2.8264,3.2225
3/31/2017,0.74,,0.76,0.91,1.0551,1.2793,1.5407,1.7756,1.9676,2.119,2.2373,2.3308,2.4064,2.4697,2.9062,3.2851
2/28/2017,0.4,,0.53,0.69,0.9164,1.2367,1.5201,1.7541,1.9411,2.0886,2.205,2.2979,2.3736,2.437,2.8557,3.2119
1/31/2017,0.5,,0.52,0.64,0.8732,1.1985,1.4965,1.7504,1.9586,2.1262,2.2601,2.3674,2.4543,2.5258,2.946,3.2942
12/31/2016,0.44,,0.51,0.62,0.8977,1.2018,1.5014,1.7631,1.9786,2.1507,2.2864,2.3932,2.478,2.5466,2.9504,3.3284
11/30/2016,0.38,,0.48,0.62,0.8564,1.1428,1.434,1.6911,1.9036,2.0738,2.2084,2.3147,2.3997,2.4691,2.8913,3.2769
10/31/2016,0.2,,0.34,0.51,0.706,0.8705,1.0455,1.2132,1.3657,1.5009,1.6191,1.7224,1.8128,1.8928,2.4254,2.813
9/30/2016,0.2,,0.29,0.45,0.658,0.7825,0.9247,1.0646,1.1934,1.3084,1.4099,1.4992,1.5785,1.6495,2.1564,2.5315
8/31/2016,0.26,,0.33,0.47,0.6638,0.8135,0.9682,1.1106,1.2348,1.3403,1.4292,1.5043,1.5687,1.625,2.0469,2.4434
7/31/2016,0.19,,0.28,0.38,0.5699,0.6636,0.791,0.9258,1.0543,1.1703,1.2717,1.359,1.4339,1.4984,1.9417,2.4473
6/30/2016,0.2,,0.26,0.36,0.4975,0.5951,0.738,0.8913,1.0372,1.1681,1.2819,1.3793,1.4626,1.5344,2.0359,2.5821
5/31/2016,0.27,,0.34,0.49,0.7182,0.8824,1.0672,1.2454,1.4053,1.5433,1.6601,1.7584,1.8414,1.9125,2.405,2.9116
4/30/2016,0.16,,0.22,0.4,0.5868,0.765,0.9579,1.1446,1.315,1.4658,1.5969,1.7102,1.808,1.8931,2.4483,2.929
3/31/2016,0.18,,0.21,0.39,0.5983,0.7329,0.9011,1.0773,1.2469,1.4026,1.5413,1.6625,1.7676,1.8582,2.3952,2.9081
2/29/2016,0.23,,0.33,0.49,0.6632,0.7899,0.947,1.111,1.2685,1.413,1.542,1.6554,1.7544,1.8408,2.383,2.8766
1/31/2016,0.22,,0.33,0.43,0.6346,0.8053,0.9984,1.1923,1.3751,1.541,1.6878,1.8159,1.9266,2.0221,2.5663,3.0213
12/31/2015,0.14,,0.16,0.49,0.7898,1.0755,1.3501,1.5921,1.7961,1.9638,2.1003,2.2112,2.302,2.3775,2.8425,3.2656
11/30/2015,0.11,,0.22,0.42,0.6787,0.9629,1.2408,1.4884,1.6988,1.8734,2.0168,2.1347,2.2324,2.3147,2.8233,3.2418
10/31/2015,0.01,,0.08,0.23,0.4605,0.7625,1.0687,1.3427,1.5743,1.7649,1.9203,2.0473,2.1521,2.2401,2.7727,3.1678
9/30/2015,0,,0,0.08,0.3534,0.6531,0.9378,1.1944,1.4187,1.6115,1.7756,1.9152,2.0341,2.1362,2.7384,3.1618
8/31/2015,0,,0.08,0.27,0.4407,0.7697,1.0907,1.3733,1.6109,1.8068,1.9676,2.1003,2.211,2.3048,2.8528,3.182
7/31/2015,0.04,,0.08,0.14,0.3515,0.6787,1.0218,1.328,1.5827,1.7877,1.9506,2.0801,2.1844,2.2699,2.7823,3.2111
6/30/2015,0.02,,0.01,0.11,0.3184,0.6519,1.0306,1.3759,1.6653,1.8993,2.0862,2.2358,2.3571,2.4572,3.0222,3.4006
5/31/2015,0.01,,0.01,0.06,0.2957,0.6313,0.9746,1.2747,1.5224,1.7233,1.8867,2.0215,2.1348,2.2319,2.816,3.1272
4/30/2015,0,,0.01,0.06,0.2751,0.6061,0.9406,1.2309,1.4692,1.6614,1.8169,1.9444,2.0507,2.1413,2.669,2.9401
3/31/2015,0.05,,0.03,0.14,0.293,0.5825,0.906,1.1869,1.4128,1.5909,1.7322,1.8462,1.9404,2.02,2.4745,2.6963
2/28/2015,0.02,,0.02,0.07,0.2718,0.6618,1.0344,1.3261,1.5442,1.7086,1.8361,1.9385,2.0236,2.0964,2.5285,2.7363
1/31/2015,0.01,,0.02,0.07,0.2,0.4887,0.7884,1.0312,1.2219,1.3745,1.5,1.6057,1.6961,1.7743,2.1948,2.3518
12/31/2014,0.03,,0.04,0.12,0.294,0.7064,1.1185,1.4471,1.6912,1.8696,2.0014,2.1012,2.1795,2.2432,2.6268,2.8994
11/30/2014,0.04,,0.02,0.07,0.1585,0.4952,0.911,1.2649,1.5416,1.7557,1.9245,2.0611,2.1748,2.2717,2.8169,3.0525
10/31/2014,0.01,,0.01,0.05,0.1525,0.5385,0.9872,1.3707,1.6728,1.9069,2.0903,2.237,2.3573,2.4582,3.0015,3.2327
9/30/2014,0.02,,0.02,0.03,0.1482,0.617,1.1203,1.5246,1.8308,2.0638,2.2458,2.3922,2.5131,2.6152,3.1534,3.3609
8/31/2014,0.02,,0.03,0.05,0.1197,0.5268,0.9926,1.3768,1.672,1.8986,2.0766,2.2208,2.3409,2.4433,3.0138,3.2527
7/31/2014,0.01,,0.03,0.05,0.1253,0.5487,1.0534,1.4776,1.8078,2.0634,2.2649,2.4277,2.5623,2.6758,3.2671,3.4907
6/30/2014,0.02,,0.04,0.07,0.1279,0.4543,0.8938,1.3028,1.6474,1.929,2.1584,2.3467,2.5031,2.6346,3.2934,3.5294
5/31/2014,0.05,,0.04,0.06,0.0994,0.3852,0.8072,1.2152,1.5659,1.8554,2.0922,2.2865,2.4477,2.583,3.2683,3.523
4/30/2014,0.02,,0.03,0.05,0.1019,0.4245,0.8904,1.3378,1.7197,2.0318,2.2836,2.4869,2.6525,2.789,3.4325,3.6533
3/31/2014,0.03,,0.05,0.07,0.1215,0.4393,0.9157,1.3738,1.764,2.0826,2.3399,2.5483,2.7188,2.86,3.5382,3.7745
2/28/2014,0.04,,0.05,0.08,0.122,0.3393,0.7286,1.1484,1.5398,1.8826,2.1744,2.4197,2.625,2.797,3.5916,3.804
1/31/2014,0.03,,0.02,0.06,0.1312,0.3475,0.7256,1.1386,1.5297,1.8773,2.1764,2.4299,2.6431,2.8219,3.6223,3.805
12/31/2013,0.01,,0.07,0.1,0.1511,0.3953,0.8306,1.3095,1.7627,2.1628,2.5029,2.7859,3.0189,3.2097,3.9936,4.1916
11/30/2013,0.05,,0.06,0.11,0.148,0.2899,0.6064,0.9963,1.3998,1.784,2.1323,2.4385,2.702,2.9255,3.8628,4.0471
10/31/2013,0.03,,0.04,0.08,0.1388,0.3178,0.6224,0.977,1.3373,1.6787,1.9889,2.2636,2.5023,2.7075,3.644,3.8813
9/30/2013,0.03,,0.02,0.04,0.1231,0.3385,0.6743,1.0492,1.4196,1.7636,2.0722,2.3432,2.5781,2.78,3.7232,3.9475
8/31/2013,0.02,,0.03,0.05,0.155,0.4277,0.8292,1.2502,1.6428,1.9898,2.2881,2.5411,2.7545,2.934,3.7347,3.8857
7/31/2013,0.03,,0.04,0.08,0.1372,0.3253,0.6514,1.0228,1.3913,1.7338,2.0409,2.3106,2.5445,2.7457,3.6668,3.796
6/30/2013,0.02,,0.04,0.1,0.1925,0.3866,0.7144,1.071,1.4126,1.7231,1.9989,2.2414,2.4536,2.639,3.5539,3.6371
5/31/2013,0.03,,0.04,0.07,0.1652,0.3179,0.5347,0.7865,1.0529,1.3195,1.577,1.8192,2.0427,2.2458,3.3035,3.4742
4/30/2013,0.03,,0.05,0.09,0.1514,0.2005,0.3215,0.4902,0.688,0.901,1.1187,1.3337,1.5405,1.7356,2.8758,3.0281
3/31/2013,0.04,,0.07,0.11,0.177,0.2398,0.3785,0.5669,0.785,1.0179,1.2546,1.487,1.7097,1.919,3.1219,3.2715
2/28/2013,0.07,,0.11,0.13,0.1854,0.2325,0.3689,0.5622,0.7886,1.0305,1.2753,1.5141,1.741,1.9523,3.1117,3.24
1/31/2013,0.04,,0.07,0.12,0.1766,0.2619,0.4311,0.6507,0.8965,1.1513,1.4032,1.6442,1.8695,2.076,3.1581,3.2894
12/31/2012,0.02,,0.05,0.11,0.1943,0.2485,0.3756,0.5505,0.7539,0.9715,1.1928,1.4102,1.6183,1.8137,2.9276,3.0551
11/30/2012,0.11,,0.08,0.13,0.218,0.2385,0.3342,0.4807,0.6592,0.8555,1.0591,1.2621,1.459,1.6459,2.7637,2.9326
10/31/2012,0.09,,0.11,0.16,0.2217,0.281,0.4038,0.5687,0.7593,0.9631,1.1708,1.3756,1.5726,1.7585,2.8447,2.9719
9/30/2012,0.06,,0.1,0.14,0.2013,0.2207,0.318,0.4682,0.6522,0.8553,1.0663,1.2771,1.4818,1.676,2.8133,2.9074
8/31/2012,0.09,,0.09,0.14,0.1966,0.2111,0.3058,0.4535,0.6335,0.8307,1.0336,1.2345,1.4275,1.6092,2.647,2.7801
7/31/2012,0.07,,0.11,0.14,0.1843,0.2125,0.3105,0.4547,0.6273,0.8146,1.007,1.1971,1.3799,1.5522,2.5444,2.6665
6/30/2012,0.04,,0.09,0.16,0.259,0.3214,0.4387,0.593,0.7704,0.9602,1.154,1.3459,1.5314,1.7073,2.7588,2.874
5/31/2012,0.03,,0.07,0.14,0.2379,0.2797,0.3844,0.5308,0.7026,0.8878,1.0771,1.2642,1.4443,1.6145,2.6286,2.8078
4/30/2012,0.07,,0.1,0.15,0.21,0.2669,0.4153,0.6202,0.8562,1.1051,1.3539,1.5941,1.8202,2.0288,3.1438,3.2894
3/31/2012,0.05,,0.07,0.15,0.2351,0.353,0.5569,0.8098,1.0854,1.3655,1.6378,1.8947,2.1315,2.3459,3.4085,3.5095
2/29/2012,0.08,,0.08,0.13,0.2128,0.2954,0.4576,0.6686,0.9056,1.1525,1.3977,1.6333,1.8544,2.0579,3.1282,3.2267
1/31/2012,0.04,,0.06,0.08,0.1551,0.1883,0.3205,0.5145,0.7432,0.9872,1.2327,1.4706,1.6946,1.9013,2.9843,3.0858
12/31/2011,0.01,,0.02,0.06,0.1493,0.2425,0.4165,0.6365,0.8778,1.1237,1.363,1.5886,1.7963,1.9843,2.9225,3.039
11/30/2011,0.02,,0.01,0.06,0.1573,0.2476,0.447,0.7041,0.9846,1.2663,1.5354,1.784,2.008,2.2063,3.1124,3.2159
10/31/2011,0.02,,0.01,0.06,0.1628,0.2454,0.4511,0.7216,1.0185,1.3168,1.6013,1.8634,2.0988,2.3063,3.2367,3.3364
9/30/2011,0.02,,0.02,0.06,0.1739,0.2853,0.4734,0.7037,0.9519,1.2019,1.443,1.6685,1.875,2.0606,2.97,3.0809
8/31/2011,0.01,,0.02,0.05,0.1314,0.1896,0.3866,0.6606,0.9702,1.2882,1.5976,1.8882,2.1548,2.3951,3.6416,3.9503
7/31/2011,0.16,,0.1,0.16,0.2606,0.3378,0.5963,0.9487,1.3384,1.7299,2.1021,2.4436,2.749,3.0174,4.2441,4.4509
6/30/2011,0.01,,0.03,0.1,0.2215,0.481,0.8699,1.3096,1.7521,2.1704,2.5506,2.8872,3.1796,3.4302,4.5178,4.7238
5/31/2011,0.04,,0.06,0.12,0.2054,0.4419,0.8166,1.2432,1.6716,2.0741,2.4375,2.7573,3.0338,3.27,4.3203,4.5697
4/30/2011,0.02,,0.04,0.11,0.2402,0.5807,1.0406,1.5228,1.9799,2.3918,2.7524,3.063,3.3279,3.5526,4.5487,4.7156
3/31/2011,0.05,,0.09,0.17,0.332,0.7771,1.3029,1.8066,2.2544,2.6408,2.9707,3.252,3.4921,3.6977,4.675,4.7891
2/28/2011,0.13,,0.15,0.18,0.2846,0.6618,1.1721,1.6821,2.1436,2.5445,2.8872,3.1787,3.4268,3.6385,4.6408,4.783
1/31/2011,0.15,,0.15,0.17,0.2831,0.5544,0.9969,1.4862,1.9616,2.3962,2.7809,3.1154,3.4031,3.6494,4.7658,4.9108
12/31/2010,0.07,,0.12,0.19,0.3033,0.5956,1.0605,1.5529,2.0129,2.4201,2.7719,3.0724,3.3279,3.5448,4.5093,4.5752
11/30/2010,0.18,,0.17,0.21,0.2991,0.4523,0.7476,1.1077,1.4857,1.8542,2.1983,2.511,2.7899,3.0356,4.2323,4.483
10/31/2010,0.14,,0.12,0.17,0.2423,0.2932,0.5304,0.864,1.236,1.6109,1.9678,2.2955,2.5894,2.8482,4.0814,4.3591
9/30/2010,0.14,,0.16,0.19,0.278,0.3917,0.6503,0.9771,1.3243,1.6635,1.9793,2.264,2.5154,2.7339,3.7385,3.9624
8/31/2010,0.16,,0.14,0.19,0.2973,0.4487,0.7211,1.0444,1.3768,1.6943,1.9848,2.2431,2.4687,2.663,3.5465,3.7581
7/31/2010,0.14,,0.15,0.2,0.318,0.5048,0.8423,1.2411,1.648,2.0332,2.3817,2.6877,2.9508,3.1736,4.0818,4.2255
6/30/2010,0.17,,0.18,0.22,0.3474,0.6085,1.0034,1.4293,1.8368,2.205,2.5274,2.8048,3.0407,3.24,4.0617,4.0687
5/31/2010,0.15,,0.16,0.22,0.4127,0.7839,1.2604,1.7409,2.1819,2.5682,2.8984,3.1767,3.4094,3.6032,4.3711,4.3809
4/30/2010,0.14,,0.16,0.25,0.4595,0.9489,1.4901,2.0092,2.4749,2.8777,3.2186,3.5033,3.7391,3.9333,4.6678,4.6898
3/31/2010,0.15,,0.16,0.24,0.4409,0.9996,1.578,2.1203,2.6032,3.0203,3.3739,3.6699,3.9157,4.1186,4.8771,4.8774
2/28/2010,0.09,,0.13,0.19,0.3479,0.8023,1.325,1.8493,2.3383,2.7745,3.1518,3.4708,3.7359,3.9532,4.7093,4.7486
1/31/2010,0.02,,0.08,0.15,0.3272,0.82,1.3629,1.8948,2.3833,2.8141,3.1831,3.4927,3.7481,3.9561,4.6648,4.6989
12/31/2009,0.04,,0.06,0.2,0.5461,1.1416,1.7052,2.2213,2.6824,3.0863,3.4343,3.7299,3.9776,4.1824,4.8541,4.7296
11/30/2009,0.08,,0.06,0.15,0.2747,0.6443,1.1007,1.5742,2.0255,2.4344,2.7927,3.0994,3.3572,3.5711,4.3662,4.4456
10/31/2009,0.01,,0.05,0.16,0.3891,0.9053,1.4207,1.9066,2.3477,2.7371,3.0735,3.3591,3.5979,3.7947,4.4441,4.3728
9/30/2009,0.06,,0.14,0.18,0.4204,0.9265,1.4327,1.9088,2.3387,2.7157,3.0385,3.3096,3.5334,3.715,4.2416,4.1102
8/31/2009,0.11,,0.15,0.24,0.4501,0.9684,1.4905,1.9836,2.43,2.8217,3.1574,3.4391,3.6713,3.8593,4.384,4.2228
7/31/2009,0.14,,0.18,0.26,0.5462,1.1102,1.6408,2.1253,2.5577,2.9363,3.2624,3.5392,3.7706,3.9615,4.5387,4.3351
6/30/2009,0.17,,0.19,0.35,0.5577,1.0906,1.624,2.1257,2.5784,2.9746,3.3132,3.5968,3.83,4.0184,4.5384,4.3748
5/31/2009,0.14,,0.14,0.3,0.4912,0.9107,1.3924,1.8842,2.3541,2.7837,3.1639,3.4918,3.7683,3.9965,4.6387,4.3591
4/30/2009,0.04,,0.14,0.29,0.5169,0.9121,1.3237,1.7324,2.1247,2.4916,2.8274,3.129,3.3954,3.6265,4.4343,3.967
3/31/2009,0.17,,0.21,0.43,0.5716,0.7751,1.0661,1.3998,1.7454,2.0824,2.3977,2.6836,2.9364,3.1547,3.8868,3.5464
2/28/2009,0.16,,0.26,0.45,0.7238,0.9618,1.3135,1.7159,2.1273,2.5209,2.8806,3.198,3.4695,3.6952,4.1895,3.5922
1/31/2009,0.15,,0.24,0.36,0.5447,0.8164,1.1806,1.5855,1.9961,2.3891,2.7499,3.0704,3.3469,3.5787,4.0807,3.3372
12/31/2008,0.11,,0.11,0.27,0.385,0.5713,0.8642,1.2057,1.5568,1.8928,2.1988,2.4668,2.6936,2.8791,3.1587,2.5021
11/30/2008,0.02,,0.01,0.44,0.7711,0.778,1.0588,1.472,1.9281,2.373,2.7763,3.1234,3.4093,3.6351,3.8608,3.166
10/31/2008,0.12,,0.46,0.94,1.3325,1.4104,1.7918,2.3117,2.8675,3.398,3.8702,4.2686,4.5895,4.8355,4.8527,3.8523
9/30/2008,1.02,,0.92,1.6,1.7961,1.988,2.2865,2.629,2.9759,3.303,3.5969,3.8515,4.0652,4.2394,4.5931,4.1996
8/31/2008,1.63,,1.72,1.97,2.1327,2.3386,2.5768,2.8286,3.0806,3.3233,3.5504,3.7579,3.9437,4.1067,4.69,4.3364
7/31/2008,1.55,,1.68,1.89,2.1903,2.4724,2.7498,3.0168,3.2694,3.505,3.7215,3.9181,4.0943,4.2501,4.8672,4.4986
6/30/2008,1.6,,1.9,2.17,2.2955,2.597,2.8781,3.138,3.3763,3.5931,3.7888,3.9638,4.119,4.2552,4.7973,4.4904
5/31/2008,1.98,,1.89,2.01,2.2514,2.6018,2.9188,3.2045,3.461,3.6905,3.8949,4.0759,4.2352,4.3746,4.9622,4.7413
4/30/2008,1.17,,1.43,1.64,1.9032,2.21,2.5067,2.7891,3.0541,3.2998,3.5249,3.7291,3.9121,4.0743,4.7548,4.4479
3/31/2008,1.22,,1.38,1.51,1.4636,1.6041,1.8392,2.1278,2.4402,2.7553,3.0588,3.3414,3.5974,3.8236,4.6233,4.1085
2/29/2008,2.07,,1.85,1.83,1.6168,1.6214,1.8822,2.2242,2.5738,2.9017,3.1974,3.4588,3.6868,3.8837,4.6713,4.4162
1/31/2008,1.64,,1.96,2.07,2.1363,2.1475,2.3194,2.5666,2.8393,3.1092,3.3612,3.5881,3.7872,3.9585,4.5704,4.3098
12/31/2007,2.76,,3.36,3.49,3.2102,3.0303,3.0733,3.2294,3.4322,3.6432,3.8412,4.0162,4.1644,4.2859,4.6123,4.5092
11/30/2007,3.63,,3.15,3.37,3.1942,3.0362,3.0841,3.2343,3.4252,3.6215,3.8045,3.9655,4.1016,4.2134,4.5493,4.5118
10/31/2007,4.01,,3.94,4.09,4.0285,3.9101,3.9112,3.9806,4.0846,4.2016,4.3181,4.4263,4.5223,4.6042,4.843,4.731
9/30/2007,3.43,,3.82,4.09,4.0275,3.9578,3.9834,4.065,4.1752,4.2961,4.416,4.5278,4.6274,4.713,4.9403,4.7426
8/31/2007,4.02,,4.01,4.21,4.2885,4.151,4.1143,4.1426,4.2101,4.2986,4.3955,4.4922,4.5832,4.6652,4.9292,4.7083
7/31/2007,5.13,,4.96,4.99,4.7404,4.5331,4.4761,4.4933,4.5452,4.611,4.6795,4.745,4.8046,4.8569,5.0102,4.8082
6/30/2007,4.28,,4.82,4.93,4.9173,4.8475,4.8202,4.8233,4.8474,4.8848,4.9296,4.9775,5.0251,5.0699,5.1892,4.8105
5/31/2007,4.78,,4.73,4.96,4.9679,4.8813,4.8154,4.7781,4.768,4.7797,4.807,4.8441,4.8861,4.9292,5.0906,4.748
4/30/2007,4.8,,4.91,5.03,4.8408,4.575,4.4561,4.4212,4.4333,4.4707,4.5204,4.5744,4.6283,4.6793,4.9097,4.7821
3/31/2007,5.07,,5.04,5.06,4.8309,4.5896,4.4797,4.4481,4.4619,4.5009,4.5524,4.6086,4.6648,4.718,4.953,4.8011
2/28/2007,5.24,,5.16,5.12,4.8384,4.6016,4.4811,4.4327,4.4281,4.4491,4.484,4.5253,4.5682,4.6097,4.7836,4.6192
1/31/2007,5,,5.12,5.16,5.0035,4.8697,4.7881,4.7453,4.7307,4.736,4.7547,4.782,4.8139,4.8476,5.0139,4.7751
12/31/2006,4.75,,5.02,5.09,4.953,4.7738,4.6687,4.6164,4.6006,4.6094,4.634,4.6676,4.7056,4.7444,4.8958,4.5954
11/30/2006,5.22,,5.03,5.1,4.8173,4.5687,4.4336,4.3708,4.3532,4.363,4.3887,4.4226,4.4596,4.4965,4.662,4.5076
10/31/2006,5.18,,5.08,5.13,4.8797,4.6572,4.5426,4.4947,4.4872,4.5034,4.5327,4.5683,4.6057,4.6423,4.8077,4.6807
9/30/2006,4.6,,4.89,5.02,4.8775,4.6603,4.552,4.5101,4.5077,4.5282,4.5609,4.5991,4.6385,4.6766,4.8445,4.7158
8/31/2006,5.12,,5.05,5.11,4.9509,4.7425,4.6434,4.6089,4.6118,4.6355,4.6697,4.7084,4.7477,4.7853,4.9552,4.849
7/31/2006,5.02,,5.1,5.18,5.0645,4.9342,4.8593,4.827,4.8258,4.8462,4.8803,4.9221,4.9671,5.0117,5.1658,4.8146
6/30/2006,4.54,,5.01,5.24,5.2101,5.1304,5.0576,5.0167,5.0076,5.0223,5.0523,5.0903,5.131,5.1707,5.2863,5.0085
5/31/2006,4.75,,4.86,5.08,5.0399,5.0028,4.9668,4.9502,4.9563,4.9818,5.0213,5.0692,5.1206,5.1718,5.3541,4.9783
4/30/2006,4.6,,4.77,4.91,4.8822,4.8381,4.8209,4.8283,4.8554,4.8968,4.9474,5.0027,5.0591,5.1138,5.3335,5.0098
3/31/2006,4.65,,4.63,4.81,4.8263,4.8103,4.7813,4.7624,4.7603,4.7745,4.8014,4.8368,4.8765,4.9172,5.0649,4.7217
2/28/2006,4.47,,4.62,4.74,4.69,4.6588,4.6165,4.5807,4.5577,4.5484,4.5508,4.562,4.5791,4.5994,4.6744,4.3825
1/31/2006,4.37,,4.47,4.59,4.5557,4.4998,4.4596,4.4391,4.4372,4.4505,4.4751,4.507,4.543,4.5803,4.7514,4.4909
12/31/2005,4.01,,4.08,4.37,4.4007,4.3815,4.3389,4.3066,4.2946,4.3026,4.3262,4.3604,4.4004,4.4422,4.6213,4.3292
11/30/2005,4,,3.95,4.31,4.3798,4.3993,4.3699,4.3517,4.359,4.3896,4.4363,4.492,4.5507,4.6083,4.8352,4.5449
10/31/2005,3.77,,3.98,4.26,4.3269,4.4013,4.4003,4.3957,4.4083,4.4397,4.4846,4.5373,4.5925,4.6465,4.8598,4.5898
9/30/2005,3.15,,3.55,3.93,4.1353,4.1302,4.1174,4.1411,4.1823,4.2299,4.2788,4.3266,4.3721,4.4146,4.6735,4.7207
8/31/2005,3.41,,3.52,3.74,3.7522,3.8071,3.8086,3.8094,3.8261,3.8605,3.9083,3.9646,4.0246,4.0844,4.3751,4.1463
7/31/2005,3.25,,3.42,3.69,3.8567,4.0108,4.0508,4.0645,4.0842,4.1179,4.1644,4.2192,4.2777,4.3361,4.6006,4.3291
6/30/2005,2.99,,3.13,3.34,3.5033,3.6194,3.6445,3.6589,3.6879,3.7349,3.7957,3.8645,3.9363,4.0069,4.3612,4.1568
5/31/2005,2.8,,2.99,3.18,3.3845,3.5692,3.6303,3.6672,3.7129,3.7738,3.8468,3.9268,4.0087,4.0887,4.5008,4.3148
4/30/2005,2.7,,2.9,3.17,3.3855,3.6232,3.725,3.7923,3.8608,3.9392,4.026,4.1169,4.2076,4.2946,4.7222,4.5082
3/31/2005,2.63,,2.79,3.13,3.4287,3.7855,3.9514,4.0541,4.1429,4.2334,4.3275,4.4227,4.5156,4.6031,4.9827,4.6916
2/28/2005,2.51,,2.76,3.01,3.254,3.5845,3.7567,3.8734,3.9757,4.077,4.1797,4.2817,4.3804,4.4732,4.9051,4.6617
1/31/2005,2.06,,2.51,2.79,2.9727,3.2573,3.4251,3.5557,3.6788,3.8022,3.9259,4.0473,4.1633,4.2716,4.8054,4.6217
12/31/2004,1.89,,2.22,2.59,2.7691,3.0653,3.2722,3.4518,3.6247,3.795,3.9611,4.1202,4.2694,4.407,5.0953,4.9464
11/30/2004,2.07,,2.23,2.44,2.6631,3.0298,3.2907,3.5099,3.7119,3.9041,4.0873,4.2599,4.4204,4.5674,5.2973,5.145
10/31/2004,1.73,,1.91,2.13,2.2518,2.5453,2.8177,3.0735,3.3138,3.5386,3.7475,3.94,4.1161,4.2757,5.0931,5.0189
9/30/2004,1.47,,1.71,2,2.2276,2.6039,2.903,3.164,3.4031,3.6262,3.8346,4.0279,4.2058,4.3677,5.1991,5.1148
8/31/2004,1.45,,1.59,1.79,1.9759,2.3932,2.7498,3.0635,3.3444,3.5983,3.8287,4.0377,4.2267,4.3968,5.2657,5.2041
7/31/2004,1.27,,1.45,1.77,2.0969,2.6838,3.1074,3.4496,3.7418,3.9971,4.2223,4.4217,4.5982,4.7544,5.5394,5.5625
6/30/2004,1.17,,1.33,1.68,2.0742,2.7075,3.1654,3.5307,3.8393,4.1064,4.3401,4.5452,4.7254,4.8834,5.6375,5.6088
5/31/2004,0.94,,1.08,1.39,1.8555,2.5613,3.0873,3.5014,3.8433,4.1334,4.3833,4.5999,4.7882,4.9517,5.697,5.6335
4/30/2004,0.83,,0.98,1.17,1.6193,2.3449,2.8898,3.315,3.6658,3.9649,4.2239,4.4499,4.6477,4.8209,5.6511,5.6369
3/31/2004,0.96,,0.95,1.01,1.161,1.576,2.0283,2.4448,2.8163,3.1463,3.4394,3.6997,3.9306,4.135,5.1558,5.1699
2/29/2004,0.95,,0.96,1.01,1.1586,1.6451,2.1693,2.6262,3.0125,3.3413,3.6245,3.8707,4.0859,4.2745,5.2173,5.2751
1/31/2004,0.85,,0.92,1.01,1.2652,1.8317,2.361,2.8078,3.186,3.5109,3.7929,4.0394,4.2553,4.4445,5.3567,5.3474
12/31/2003,0.9,,0.95,1.02,1.2427,1.825,2.3796,2.8496,3.2465,3.5862,3.88,4.1359,4.3593,4.5544,5.4795,5.4526
11/30/2003,0.96,,0.93,1.04,1.4354,2.0537,2.5786,3.0151,3.3866,3.7084,3.9898,4.2368,4.4538,4.6442,5.5553,5.5254
10/31/2003,0.96,,0.96,1.04,1.275,1.8494,2.4032,2.879,3.2854,3.6356,3.9397,4.205,4.4366,4.6386,5.5733,5.5061
9/30/2003,0.87,,0.95,1.01,1.08,1.4792,1.9762,2.4441,2.859,3.2225,3.5408,3.82,4.065,4.2798,5.3145,5.2989
8/31/2003,0.98,,0.98,1.06,1.3016,1.9445,2.5518,3.0585,3.479,3.8329,4.1345,4.3937,4.6171,4.8099,5.666,5.5774
7/31/2003,0.91,,0.96,1.02,1.2617,1.8192,2.3984,2.9184,3.3703,3.7612,4.0998,4.3935,4.6482,4.8687,5.8412,5.7098
6/30/2003,0.81,,0.9,0.98,1.0331,1.3274,1.7167,2.1134,2.4851,2.8219,3.1229,3.3906,3.628,3.8383,4.9312,5.0439
5/31/2003,1.16,,1.11,1.09,1.1338,1.3252,1.6363,1.9831,2.3267,2.6502,2.9469,3.2153,3.4559,3.6702,4.7575,4.7898
4/30/2003,1.13,,1.13,1.15,1.1634,1.5326,2.0186,2.4799,2.8853,3.2352,3.5369,3.7982,4.0253,4.2231,5.1851,5.2232
3/31/2003,1.16,,1.14,1.13,1.1654,1.5392,2.0058,2.446,2.8389,3.1862,3.4929,3.7642,4.004,4.2158,5.2692,5.2877
2/28/2003,1.21,,1.2,1.19,1.2199,1.5273,1.9454,2.3573,2.7337,3.0705,3.3699,3.6355,3.8707,4.0785,5.1082,5.1151
1/31/2003,1.17,,1.18,1.19,1.2788,1.7249,2.224,2.6716,3.0605,3.3988,3.6944,3.9531,4.1798,4.3781,5.3077,5.2523
12/31/2002,1.2,,1.22,1.23,1.2389,1.5945,2.035,2.4584,2.8458,3.195,3.5075,3.7855,4.0317,4.2487,5.2694,5.1789
11/30/2002,1.25,,1.22,1.3,1.53,2.0892,2.5797,3.0049,3.3777,3.7061,3.9955,4.2502,4.4735,4.6685,5.5467,5.4257
10/31/2002,1.48,,1.44,1.43,1.3795,1.6908,2.1106,2.5311,2.9252,3.2857,3.6116,3.9038,4.1642,4.395,5.5078,5.4383
9/30/2002,1.6,,1.57,1.51,1.4887,1.7048,2.0457,2.4089,2.7597,3.0861,3.3843,3.6537,3.8951,4.1101,5.1664,5.118
8/31/2002,1.7,,1.69,1.67,1.7241,2.1109,2.5421,2.9406,3.2983,3.6169,3.8994,4.1486,4.3675,4.5588,5.4119,5.2744
7/31/2002,1.73,,1.71,1.7,1.7066,2.2241,2.7731,3.2384,3.63,3.9645,4.2534,4.5044,4.7229,4.9128,5.7796,5.7044
6/30/2002,1.69,,1.7,1.75,2.058,2.8456,3.4232,3.8502,4.1888,4.4694,4.7076,4.9123,5.0892,5.2423,5.9437,5.9049
5/31/2002,1.72,,1.74,1.91,2.3312,3.1684,3.7146,4.1143,4.4334,4.6988,4.9238,5.1161,5.2809,5.4222,6.0119,5.8965
4/30/2002,1.77,,1.77,1.91,2.298,3.234,3.8567,4.2803,4.5956,4.8445,5.0475,5.2159,5.3568,5.475,5.9334,5.8264
3/31/2002,1.76,,1.79,2.12,2.7535,3.69,4.2862,4.6948,4.9986,5.2368,5.4291,5.5869,5.7171,5.8248,6.1957,6.0472
2/28/2002,1.76,,1.79,1.87,2.19,3.0313,3.6158,4.0377,4.3668,4.6349,4.858,5.0456,5.2038,5.3371,5.8363,5.6686
1/31/2002,1.69,,1.76,1.89,2.2689,3.1381,3.7572,4.1942,4.5244,4.7862,4.9995,5.1755,5.3217,5.4431,5.8685,5.7
12/31/2001,1.68,,1.74,1.83,2.0841,3.0627,3.7433,4.2103,4.5575,4.8304,5.0517,5.2339,5.385,5.5106,5.9613,5.8066
11/30/2001,1.87,,1.78,1.79,2.079,2.8536,3.4417,3.8789,4.2231,4.5048,4.74,4.9382,5.1057,5.2472,5.7848,5.6138
10/31/2001,2.15,,2.05,1.95,2.0202,2.4903,2.9663,3.3589,3.6829,3.9554,4.1874,4.3861,4.5566,4.7026,5.3059,5.1737
9/30/2001,2.28,,2.4,2.36,2.4861,2.9036,3.3337,3.7026,4.0155,4.2839,4.5161,4.7179,4.8933,5.0456,5.7304,5.6541
8/31/2001,3.4,,3.37,3.31,3.3227,3.6758,3.9989,4.2599,4.4777,4.6636,4.824,4.9629,5.0832,5.1872,5.6356,5.5576
7/31/2001,3.67,,3.54,3.47,3.4896,3.8251,4.1442,4.4044,4.621,4.8054,4.9642,5.1014,5.2202,5.3227,5.7645,5.6888
6/30/2001,,,3.65,3.63,3.8849,4.295,4.601,4.8446,5.0478,5.2202,5.3675,5.4932,5.6003,5.691,6.0204,5.8739
5/31/2001,,,3.63,3.59,3.8272,4.2676,4.5827,4.8287,5.033,5.2067,5.3559,5.4842,5.5946,5.6892,6.0709,5.9662
4/30/2001,,,3.95,3.97,4.0686,4.3358,4.5805,4.7926,4.9783,5.1417,5.2856,5.412,5.5227,5.6192,6.0495,5.9838
3/31/2001,,,4.3,4.09,4.1704,4.2154,4.3534,4.5104,4.665,4.81,4.9431,5.0639,5.1724,5.2693,5.7526,5.7386
2/28/2001,,,4.85,4.7,4.5423,4.4646,4.5256,4.6278,4.7398,4.8499,4.9537,5.0494,5.1364,5.2147,5.6136,5.6043
1/31/2001,,,4.99,4.83,4.7343,4.6696,4.73,4.8278,4.9338,5.0375,5.1348,5.224,5.3046,5.3767,5.7289,5.6992
12/31/2000,,,5.89,5.7,5.4462,5.1458,5.0326,5.0145,5.0442,5.0966,5.1585,5.2225,5.2846,5.3428,5.6305,5.5569
11/30/2000,,,6.21,6.18,5.9433,5.6234,5.4705,5.4121,5.4064,5.4293,5.4662,5.509,5.5525,5.5939,5.7618,5.6145
10/31/2000,,,6.38,6.36,6.2142,5.9078,5.7752,5.7396,5.7465,5.7707,5.8007,5.8312,5.8596,5.8846,5.945,5.8193
9/30/2000,,,6.23,6.28,6.1877,5.941,5.8134,5.7768,5.7895,5.825,5.8687,5.913,5.9541,5.99,6.0602,5.8539
8/31/2000,,,6.31,6.38,6.273,6.114,5.9971,5.9322,5.9017,5.8902,5.8881,5.89,5.8927,5.8947,5.8248,5.6771
7/31/2000,,,6.27,6.42,6.3775,6.2787,6.1882,6.1372,6.113,6.1028,6.0986,6.0961,6.0932,6.089,5.9675,5.813
6/30/2000,,,5.88,6.23,6.4065,6.343,6.2356,6.175,6.1511,6.147,6.1519,6.1598,6.1676,6.1737,6.1073,5.9374
5/31/2000,,,5.63,6.35,6.675,6.6502,6.5505,6.4958,6.4675,6.4498,6.4356,6.4216,6.4067,6.3907,6.2079,6.0687
4/30/2000,,,5.82,6.12,6.4864,6.5841,6.5383,6.481,6.4363,6.4033,6.3775,6.3553,6.3347,6.3144,6.1042,5.9356
3/31/2000,,,5.88,6.15,6.343,6.4095,6.3517,6.2842,6.235,6.205,6.1885,6.18,6.175,6.1707,6.0187,5.747
2/29/2000,,,5.78,6.02,6.2781,6.4544,6.5063,6.5328,6.5507,6.5611,6.5635,6.5582,6.5459,6.528,6.2385,6.0009
1/31/2000,,,5.76,5.97,6.2935,6.5458,6.6041,6.6172,6.6264,6.6391,6.6539,6.6681,6.6793,6.6866,6.5464,6.2599
12/31/1999,,,5.33,5.74,6.0173,6.1832,6.2263,6.2803,6.3535,6.4346,6.5141,6.5865,6.6491,6.7009,6.7494,6.4211
11/30/1999,,,5.3,5.57,5.7817,5.9437,5.9925,6.0285,6.0796,6.147,6.2245,6.3049,6.3824,6.453,6.6027,6.1154
10/31/1999,,,5.12,5.28,5.5557,5.762,5.8396,5.8949,5.9579,6.0318,6.1115,6.1915,6.2672,6.3354,6.506,6.1141
9/30/1999,,,4.88,4.99,5.3833,5.5911,5.687,5.7613,5.8407,5.9283,6.0199,6.1103,6.1952,6.2716,6.4752,6.0591
8/31/1999,,,4.98,5.21,5.4874,5.7037,5.7992,5.871,5.9455,6.0253,6.1064,6.1845,6.2563,6.3196,6.4673,6.1248
7/31/1999,,,4.75,4.85,5.3071,5.5817,5.7232,5.8115,5.8824,5.9496,6.0171,6.0842,6.1491,6.2097,6.3955,5.9954
6/30/1999,,,4.78,5.04,5.2409,5.4798,5.5796,5.646,5.7133,5.7882,5.8683,5.9489,6.0259,6.0964,6.3038,5.9303
5/31/1999,,,4.66,4.83,5.1204,5.3946,5.5286,5.6024,5.6551,5.7043,5.7559,5.8108,5.8676,5.9241,6.1797,5.8361
4/30/1999,,,4.55,4.66,4.8948,5.0584,5.135,5.1885,5.2444,5.3102,5.3855,5.4668,5.55,5.6317,6.036,5.7433
3/31/1999,,,4.49,4.53,4.842,4.9903,5.0726,5.137,5.203,5.2765,5.3569,5.4414,5.5266,5.6093,6.0187,5.7358
2/28/1999,,,4.66,4.7,4.9889,5.1211,5.1808,5.2203,5.2616,5.3119,5.3712,5.4368,5.5053,5.5735,5.9132,5.6226
1/31/1999,,,4.48,4.47,4.6315,4.6061,4.577,4.5738,4.6013,4.6546,4.726,4.8082,4.895,4.9817,5.4669,5.28
12/31/1998,,,4.48,4.55,4.6041,4.5829,4.59,4.619,4.6643,4.7215,4.7867,4.8567,4.929,5.0014,5.4954,5.4327
11/30/1998,,,4.57,4.58,4.6239,4.5877,4.5813,4.5982,4.6328,4.6806,4.7377,4.8008,4.8674,4.9351,5.4264,5.4009
10/31/1998,,,4.33,4.36,4.3968,4.3038,4.2806,4.3088,4.3734,4.4627,4.5673,4.6801,4.7955,4.9091,5.5743,5.3843
9/30/1998,,,4.37,4.49,4.5112,4.3723,4.3033,4.2868,4.3092,4.3595,4.429,4.5108,4.5995,4.691,5.3453,5.338
8/31/1998,,,4.96,5.03,5.0553,4.99,4.9587,4.9537,4.9683,4.9972,5.0359,5.0809,5.1294,5.1789,5.5033,5.3956
7/31/1998,,,5.1,5.21,5.3941,5.4636,5.4798,5.4794,5.4794,5.4864,5.5019,5.5248,5.5532,5.585,5.817,5.7224
6/30/1998,,,5.1,5.24,5.4245,5.4734,5.4652,5.4534,5.4514,5.4596,5.4753,5.4955,5.5181,5.5413,5.6963,5.6978
5/31/1998,,,5.03,5.33,5.4841,5.504,5.5039,5.5187,5.543,5.5716,5.6016,5.6316,5.6609,5.6889,5.8877,5.9659
4/30/1998,,,5,5.24,5.4668,5.5519,5.5708,5.5841,5.6071,5.6402,5.6802,5.7233,5.7671,5.8094,6.0441,6.0019
3/31/1998,,,5.16,5.27,5.4952,5.5578,5.586,5.6013,5.6155,5.6338,5.658,5.688,5.7227,5.7604,6.0437,5.9152
2/28/1998,,,5.32,5.33,5.4788,5.5037,5.5201,5.5364,5.5567,5.5825,5.6136,5.6493,5.6882,5.7291,6.0271,5.9291
1/31/1998,,,5.19,5.24,5.3261,5.3021,5.3049,5.3271,5.3631,5.4083,5.4592,5.513,5.5675,5.621,5.9448,5.8522
12/31/1997,,,5.36,5.45,5.5654,5.6158,5.6393,5.6521,5.6634,5.6776,5.6966,5.7205,5.7486,5.7797,6.0357,5.939
11/30/1997,,,5.22,5.43,5.6515,5.734,5.7651,5.7753,5.7809,5.7898,5.8051,5.8271,5.8549,5.8869,6.1474,6.0194
10/31/1997,,,5.21,5.32,5.5052,5.597,5.65,5.6877,5.7221,5.7587,5.7992,5.8434,5.8902,5.9383,6.2656,6.1696
9/30/1997,,,5.06,5.28,5.615,5.7499,5.8364,5.908,5.9714,6.0288,6.0815,6.13,6.1749,6.2164,6.4901,6.5953
8/31/1997,,,5.24,5.39,5.7054,5.916,6.0322,6.1061,6.1634,6.2159,6.2683,6.3214,6.3747,6.427,6.7257,6.5977
7/31/1997,,,5.25,5.33,5.5432,5.6547,5.7304,5.7879,5.8374,5.8844,5.9314,5.9794,6.0282,6.0772,6.4119,6.3074
6/30/1997,,,5.25,5.34,5.7408,6.0239,6.1769,6.2651,6.3243,6.3733,6.4207,6.4697,6.5209,6.5733,6.9195,6.7536
5/31/1997,,,4.96,5.46,5.8018,6.1302,6.2893,6.3759,6.4357,6.4884,6.5414,6.5964,6.6524,6.7081,7.0419,6.9409
4/30/1997,,,5.28,5.53,5.8948,6.1951,6.3526,6.4428,6.5045,6.5565,6.6071,6.6587,6.7115,6.7644,7.0939,6.9709
3/31/1997,,,5.35,5.55,6.0216,6.3624,6.5405,6.6405,6.7061,6.7588,6.8081,6.8576,6.9076,6.9575,7.2556,7.1135
2/28/1997,,,5.22,5.39,5.7046,5.9967,6.1639,6.2646,6.3327,6.3868,6.4369,6.4873,6.5395,6.5932,6.9981,6.9086
1/31/1997,,,5.15,5.28,5.592,5.8552,6.0217,6.1339,6.2173,6.2864,6.3494,6.4103,6.4705,6.5303,6.9613,6.9005
12/31/1996,,,5.21,5.33,5.5792,5.8259,5.981,6.0843,6.1599,6.2217,6.2776,6.3313,6.3844,6.4372,6.8086,6.7156
11/30/1996,,,5.13,5.25,5.3831,5.5348,5.6359,5.712,5.7776,5.8403,5.9034,5.968,6.0337,6.0996,6.5688,6.5211
10/31/1996,,,5.17,5.3,5.4878,5.6963,5.8472,5.9625,6.0565,6.1377,6.2115,6.2806,6.3463,6.4092,6.8273,6.7765
9/30/1996,,,5.14,5.37,5.7204,6.0392,6.208,6.327,6.4228,6.5047,6.5771,6.642,6.7008,6.7543,7.0942,7.2181
8/31/1996,,,5.29,5.49,5.8386,6.2712,6.4666,6.5748,6.6542,6.7255,6.7944,6.8618,6.9265,6.9876,7.318,7.2673
7/31/1996,,,5.32,5.47,5.8419,6.152,6.3198,6.4226,6.4978,6.5625,6.6237,6.6836,6.7421,6.7985,7.1276,7.0569
6/30/1996,,,5.18,5.37,5.7395,6.0765,6.2427,6.3401,6.4135,6.4809,6.5481,6.6157,6.6826,6.7471,7.1022,6.9943
5/31/1996,,,5.18,5.36,5.7319,6.1585,6.3771,6.4996,6.5812,6.6478,6.7103,6.7722,6.8339,6.8942,7.2327,7.0741
4/30/1996,,,5.14,5.3,5.6234,5.9734,6.1613,6.2775,6.3654,6.4444,6.5215,6.5985,6.6747,6.7486,7.167,7.0299
3/31/1996,,,5.13,5.2,5.4597,5.7343,5.8893,5.9931,6.0785,6.1596,6.2413,6.3243,6.4072,6.4884,6.9783,6.8779
2/29/1996,,,5.02,5.05,5.1805,5.3576,5.5034,5.6308,5.7471,5.8558,5.9587,6.0563,6.1486,6.2352,6.7466,6.7098
1/31/1996,,,5.05,4.97,4.9203,4.9275,5.0229,5.1372,5.2515,5.3604,5.4622,5.5566,5.6437,5.7237,6.2129,6.339
12/31/1995,,,5.1,5.17,5.138,5.1473,5.2073,5.2789,5.3523,5.4243,5.4939,5.5603,5.6236,5.6835,6.1181,6.328
11/30/1995,,,5.48,5.46,5.3499,5.3296,5.3715,5.4367,5.5102,5.5853,5.6592,5.7306,5.7986,5.8631,6.3166,6.5084
10/31/1995,,,5.48,5.55,5.5389,5.5916,5.649,5.7098,5.7728,5.8368,5.9009,5.9643,6.0262,6.0861,6.4969,6.5276
9/30/1995,,,5.4,5.57,5.6759,5.7927,5.8628,5.9137,5.96,6.0085,6.062,6.1205,6.183,6.2477,6.7423,6.7139
8/31/1995,,,5.45,5.53,5.6342,5.7742,5.8766,5.9592,6.0325,6.102,6.1705,6.239,6.3074,6.3752,6.8578,6.8358
7/31/1995,,,5.6,5.63,5.6747,5.8328,5.9579,6.0624,6.1544,6.2386,6.3179,6.3937,6.4668,6.5371,7.0245,7.0379
6/30/1995,,,5.6,5.59,5.6813,5.7601,5.8221,5.8807,5.9423,6.009,6.0805,6.1557,6.2326,6.3096,6.8289,6.7537
5/31/1995,,,5.81,5.83,5.7715,5.8129,5.869,5.9358,6.0098,6.0882,6.1686,6.2492,6.3282,6.4044,6.8863,6.8354
4/30/1995,,,5.87,6.08,6.2464,6.4975,6.6398,6.728,6.7925,6.8493,6.9059,6.9651,7.027,7.0906,7.5366,7.3971
3/31/1995,,,5.88,6.13,6.4083,6.6998,6.8403,6.9247,6.9906,7.0512,7.1099,7.1664,7.2198,7.2693,7.5622,7.6727
2/28/1995,,,5.94,6.19,6.3772,6.6846,6.8329,6.9209,6.9888,7.0512,7.1117,7.1705,7.2266,7.279,7.5966,7.7185
1/31/1995,,,6,6.4,6.7851,7.1627,7.3169,7.3936,7.4404,7.4745,7.5029,7.5281,7.5515,7.5736,7.7343,7.8166
12/31/1994,,,5.68,6.51,7.2524,7.563,7.6626,7.7117,7.7418,7.7628,7.7788,7.7917,7.8024,7.8116,7.8621,7.8822
11/30/1994,,,5.72,6.22,6.8063,7.3168,7.5118,7.6135,7.6791,7.7272,7.7654,7.7974,7.8252,7.8499,8.026,8.1518
10/31/1994,,,5.2,5.72,6.1229,6.7239,7.0476,7.2555,7.4065,7.5245,7.6211,7.7023,7.7717,7.8317,8.13,8.1669
9/30/1994,,,4.8,5.43,5.9109,6.5119,6.8535,7.0648,7.2124,7.3295,7.4318,7.5259,7.6139,7.6961,8.1095,7.898
8/31/1994,,,4.68,5.03,5.4956,6.0552,6.371,6.5849,6.7492,6.8843,6.9998,7.1005,7.1895,7.2685,7.7152,7.8209
7/31/1994,,,4.39,4.87,5.3881,5.9389,6.257,6.4856,6.6669,6.8171,6.9442,7.0525,7.1452,7.2246,7.5544,7.4892
6/30/1994,,,4.26,4.83,5.4795,6.1078,6.4622,6.7155,6.9153,7.0798,7.2179,7.3346,7.4334,7.517,7.835,7.7309
5/31/1994,,,4.31,4.87,5.3138,5.9619,6.3242,6.5534,6.7214,6.8607,6.9848,7.0987,7.2036,7.2994,7.7351,7.5134
4/30/1994,,,3.97,4.45,5.0321,5.7234,6.1292,6.404,6.6093,6.772,6.9056,7.0175,7.1123,7.1931,7.549,7.5298
3/31/1994,,,3.56,3.92,4.5522,5.2079,5.6556,5.9969,6.2655,6.4781,6.6469,6.7818,6.8907,6.9796,7.3879,7.5245
2/28/1994,,,3.47,3.72,4.0995,4.6497,5.0455,5.356,5.6122,5.8285,6.0128,6.1705,6.3056,6.4215,7.0077,7.2124
1/31/1994,,,3.05,3.25,3.5657,4.0662,4.4546,4.7665,5.0243,5.2422,5.4297,5.593,5.7365,5.8634,6.5898,6.8773
12/31/1993,,,3.07,3.3,3.6834,4.2071,4.6124,4.9385,5.2084,5.4362,5.6311,5.7994,5.9456,6.0732,6.763,7.0189
11/30/1993,,,3.21,3.4,3.6706,4.1769,4.5825,4.9141,5.1894,5.421,5.6175,5.7857,5.9306,6.056,6.7234,6.9696
10/31/1993,,,3.1,3.28,3.537,3.9641,4.3161,4.6115,4.863,5.0798,5.2682,5.4332,5.5786,5.7072,6.4441,6.7378
9/30/1993,,,2.98,3.13,3.4451,3.8874,4.2504,4.5536,4.8108,5.032,5.2247,5.3943,5.5447,5.6792,6.4986,6.8608
8/31/1993,,,3.08,3.21,3.4463,3.8468,4.2063,4.524,4.802,5.0439,5.2538,5.4356,5.5932,5.7302,6.455,6.7196
7/31/1993,,,3.1,3.28,3.6006,4.1154,4.5364,4.8834,5.172,5.4139,5.6184,5.7926,5.9423,6.0717,6.773,7.0474
6/30/1993,,,3.1,3.22,3.5494,4.0234,4.4287,4.777,5.0776,5.3382,5.5651,5.7634,5.9375,6.0909,6.958,7.3027
5/31/1993,,,3.13,3.32,3.6388,4.2039,4.6737,5.0673,5.3994,5.6817,5.923,6.1305,6.3098,6.4656,7.305,7.6205
4/30/1993,,,2.97,3.07,3.3002,3.7927,4.3073,4.7812,5.1932,5.5416,5.8327,6.0749,6.2768,6.446,7.258,7.5347
3/31/1993,,,2.95,3.09,3.4142,3.9615,4.4798,4.9391,5.3328,5.6645,5.942,6.1737,6.3678,6.531,7.3235,7.5952
2/28/1993,,,3.01,3.14,3.3811,3.9242,4.4457,4.9088,5.3046,5.6365,5.9128,6.1424,6.3338,6.4942,7.2664,7.5299
1/31/1993,,,2.96,3.16,3.5368,4.1924,4.7725,5.2618,5.6649,5.994,6.2622,6.4816,6.6622,6.8122,7.5226,7.7633
12/31/1992,,,3.15,3.38,3.7304,4.5052,5.1804,5.7107,6.1137,6.4189,6.6524,6.8342,6.9783,7.0947,7.6232,7.7997
11/30/1992,,,3.38,3.58,4.0138,4.8343,5.4837,5.982,6.3612,6.6514,6.8759,7.0523,7.1933,7.3078,7.831,8.0061
10/31/1992,,,3.03,3.29,3.7228,4.4577,5.0931,5.6186,6.0448,6.388,6.6647,6.889,7.0725,7.2241,7.935,8.175
9/30/1992,,,2.75,2.92,3.2185,3.8673,4.4476,4.965,5.4243,5.8303,6.1875,6.4997,6.7709,7.0045,7.8953,7.4889
8/31/1992,,,3.23,3.35,3.5635,4.2091,4.7805,5.2843,5.7263,6.1122,6.4472,6.7358,6.9826,7.1916,7.8943,7.4998
7/31/1992,,,3.25,3.38,3.7418,4.4285,5.0116,5.5044,5.919,6.2659,6.5547,6.7935,6.9898,7.15,7.7243,7.9441
6/30/1992,,,3.65,3.77,4.1684,4.8597,5.4456,5.9401,6.3553,6.7021,6.99,7.2273,7.4213,7.5786,8.0729,8.0847
5/31/1992,,,3.79,3.96,4.3456,5.1487,5.7815,6.2776,6.6647,6.9653,7.1977,7.3766,7.514,7.6194,8.0117,8.2959
4/30/1992,,,3.79,3.97,4.4876,5.3897,6.0771,6.5971,6.9874,7.278,7.4926,7.6499,7.7647,7.8484,8.1737,8.5433
3/31/1992,,,4.15,4.32,4.7632,5.6244,6.2605,6.7265,7.0651,7.309,7.4835,7.6077,7.6961,7.7596,8.0489,8.3816
2/29/1992,,,4.03,4.14,4.5073,5.2683,5.8719,6.3475,6.7196,7.0085,7.2309,7.4007,7.5291,7.6253,7.9226,8.1803
1/31/1992,,,3.94,4.07,4.4268,5.1582,5.7552,6.24,6.6311,6.9445,7.1936,7.3898,7.5428,7.6606,7.9661,8.0354
12/31/1991,,,3.96,4,4.2323,4.8144,5.3089,5.727,6.0788,6.3733,6.6186,6.8216,6.9886,7.1252,7.6448,7.9455
11/30/1991,,,4.47,4.57,4.8418,5.3943,5.8738,6.2881,6.6443,6.9487,7.2073,7.4254,7.6076,7.7583,8.22,8.0394
10/31/1991,,,4.96,5.03,5.2173,5.7006,6.12,6.4828,6.7951,7.0626,7.2903,7.4827,7.6439,7.7774,8.1508,7.7791
9/30/1991,,,5.26,5.34,5.5314,5.9952,6.3804,6.6993,6.9627,7.1793,7.3568,7.5014,7.6186,7.7129,7.9917,7.8766
8/31/1991,,,5.49,5.6,5.7976,6.2962,6.7071,7.0442,7.3192,7.542,7.7211,7.8636,7.9755,8.0619,8.2003,7.9488
7/31/1991,,,5.7,5.93,6.2077,6.7541,7.1694,7.4852,7.7257,7.909,8.0491,8.1562,8.2383,8.3012,8.46,8.3019
6/30/1991,,,5.71,5.95,6.3303,6.9265,7.3366,7.6358,7.8631,8.0397,8.1786,8.288,8.3737,8.4401,8.5424,8.3169
5/31/1991,,,5.71,5.94,6.2288,6.7587,7.1329,7.4155,7.6375,7.8156,7.9597,8.0762,8.1701,8.2448,8.3966,8.1595
4/30/1991,,,5.68,5.83,6.2454,6.7814,7.1516,7.4196,7.6224,7.7819,7.9106,8.0162,8.1031,8.1745,8.3292,7.9911
3/31/1991,,,5.92,6.05,6.425,6.9488,7.3059,7.5541,7.7317,7.8634,7.9653,8.0475,8.1161,8.1748,8.3997,8.0698
2/28/1991,,,6.22,6.32,6.5403,6.9315,7.2247,7.4493,7.6257,7.7676,7.8843,7.9821,8.0649,8.1356,8.3737,8.0022
1/31/1991,,,6.37,6.49,6.673,6.9873,7.2334,7.434,7.6021,7.7457,7.8692,7.9756,8.0665,8.1434,8.339,7.985
12/31/1990,,,6.63,6.73,6.9164,7.1467,7.3515,7.5328,7.6923,7.8318,7.9529,8.0569,8.1453,8.2193,8.3848,7.9784
11/30/1990,,,7.24,7.36,7.3225,7.4825,7.6276,7.7586,7.8762,7.9813,8.0746,8.1569,8.2287,8.2907,8.4885,8.1971
10/31/1990,,,7.34,7.46,7.4891,7.6884,7.8683,8.0299,8.1744,8.3029,8.4163,8.5157,8.6019,8.6758,8.8951,8.5337
9/30/1990,,,7.37,7.54,7.7136,7.9191,8.1007,8.2608,8.4012,8.5238,8.6301,8.7215,8.7994,8.8648,9.0199,8.6471
8/31/1990,,,7.63,7.74,7.8078,8.0148,8.1896,8.3363,8.463,8.5734,8.6699,8.754,8.8266,8.8887,9.068,8.7433
7/31/1990,,,7.74,7.72,7.6891,7.8023,7.9024,7.99,8.0672,8.1354,8.1954,8.2479,8.2934,8.3322,8.4327,8.1848
6/30/1990,,,8,8.02,7.9659,8.0944,8.1815,8.2449,8.2917,8.3259,8.3504,8.3673,8.3785,8.3853,8.3566,8.3093
